{"initial_reset_timestamp": 1527972588.235319, "timestamps": [1527972590.9104548, 1527972591.1335516, 1527972591.2726002, 1527972591.4034848, 1527972591.5393333, 1527972591.6749792, 1527972591.8050272, 1527972591.946279, 1527972592.0969222, 1527972592.2430456, 1527972595.6218045, 1527972595.7587173, 1527972595.892982, 1527972596.0247998, 1527972596.1577773, 1527972596.2934816, 1527972596.4218516, 1527972596.5586207, 1527972596.701113, 1527972596.859734, 1527972600.2848327, 1527972600.4567394, 1527972600.6170394, 1527972600.8196323, 1527972601.0198455, 1527972601.2210076, 1527972601.43114, 1527972601.608637, 1527972601.8116977, 1527972602.0099282, 1527972605.7728646, 1527972605.9481926, 1527972606.1220562, 1527972606.292689, 1527972606.4700186, 1527972606.6807888, 1527972606.8699083, 1527972607.052265, 1527972607.2297337, 1527972607.4180768, 1527972611.4494936, 1527972611.6374886, 1527972611.804667, 1527972611.9833028, 1527972612.1678379, 1527972612.324774, 1527972612.513352, 1527972612.6862187, 1527972612.850669, 1527972613.0319927, 1527972616.936966, 1527972617.1076698, 1527972617.2607982, 1527972617.4434664, 1527972617.6076775, 1527972617.7776692, 1527972618.0169427, 1527972618.2268708, 1527972618.4029791, 1527972618.5985475, 1527972622.3684285, 1527972622.5645566, 1527972622.7287803, 1527972622.8896656, 1527972623.0526304, 1527972623.221611, 1527972623.3911734, 1527972623.5606394, 1527972623.7202954, 1527972623.8849099, 1527972627.647354, 1527972627.824394, 1527972627.9936087, 1527972628.1486764, 1527972628.3218155, 1527972628.491828, 1527972628.66626, 1527972628.8328915, 1527972629.0058088, 1527972629.2070975, 1527972633.0054822, 1527972633.1621778, 1527972633.3188882, 1527972633.4686785, 1527972633.6227279, 1527972633.7761297, 1527972633.9280477, 1527972634.11458, 1527972634.307287, 1527972634.4891431, 1527972638.1339889, 1527972638.284116, 1527972638.4377172, 1527972638.5940092, 1527972638.736802, 1527972638.8906956, 1527972639.0489948, 1527972639.189974, 1527972639.3682442, 1527972639.5296192, 1527972645.2991388, 1527972645.5736842, 1527972645.7218153], "episode_lengths": [50, 50, 50, 50, 50, 50, 50, 50, 50, 50, 50, 50, 50, 50, 50, 50, 50, 50, 50, 50, 50, 50, 50, 50, 50, 50, 50, 50, 50, 50, 50, 50, 50, 50, 50, 50, 50, 50, 50, 50, 50, 50, 50, 50, 50, 50, 50, 50, 50, 50, 50, 50, 50, 50, 50, 50, 50, 50, 50, 50, 50, 50, 50, 50, 50, 50, 50, 50, 50, 50, 50, 50, 50, 50, 50, 50, 50, 50, 50, 50, 50, 50, 50, 50, 50, 50, 50, 50, 50, 50, 50, 50, 50, 50, 50, 50, 50, 50, 50, 50, 50, 50, 50], "episode_rewards": [-50.0, -50.0, -50.0, -50.0, -50.0, -50.0, -50.0, -50.0, -50.0, -50.0, -50.0, -50.0, -50.0, -50.0, -50.0, -50.0, -50.0, -50.0, -50.0, -50.0, -50.0, -50.0, -50.0, -50.0, -50.0, -50.0, -50.0, -50.0, -50.0, -50.0, -50.0, -50.0, -50.0, -50.0, -50.0, -50.0, -50.0, -50.0, -50.0, -50.0, -50.0, -50.0, -50.0, -50.0, -50.0, -50.0, -50.0, -50.0, -50.0, -50.0, -50.0, -50.0, -50.0, -50.0, -50.0, -50.0, -50.0, -50.0, -50.0, -50.0, -50.0, -50.0, -50.0, -50.0, -50.0, -50.0, -50.0, -50.0, -50.0, -50.0, -50.0, -50.0, -50.0, -50.0, -50.0, -50.0, -50.0, -50.0, -50.0, -50.0, -50.0, -50.0, -50.0, -50.0, -50.0, -50.0, -50.0, -50.0, -50.0, -50.0, -50.0, -50.0, -50.0, -50.0, -50.0, -50.0, -48.0, -50.0, -50.0, -48.0, -50.0, -49.0, -50.0], "episode_types": ["t", "t", "t", "t", "t", "t", "t", "t", "t", "t", "t", "t", "t", "t", "t", "t", "t", "t", "t", "t", "t", "t", "t", "t", "t", "t", "t", "t", "t", "t", "t", "t", "t", "t", "t", "t", "t", "t", "t", "t", "t", "t", "t", "t", "t", "t", "t", "t", "t", "t", "t", "t", "t", "t", "t", "t", "t", "t", "t", "t", "t", "t", "t", "t", "t", "t", "t", "t", "t", "t", "t", "t", "t", "t", "t", "t", "t", "t", "t", "t", "t", "t", "t", "t", "t", "t", "t", "t", "t", "t", "t", "t", "t", "t", "t", "t", "t", "t", "t", "t", "t", "t", "t", "t"]}